Elias <emcjunior@gmail.com>; Rahman, Tarik <Tarik.Rahman@mastercard.com>; Tar, Attila <Attila.Tar@mastercard.com>; Lennon, John <John.Lennon@mastercard.com>; Grimberg, Gabriel <Gabriel.Grimberg@mastercard.com>; Dias, Thiago <Thiago.Dias2@mastercard.com>; Ruane, Eoghan <Eoghan.Ruane@mastercard.com>; Mac Mathuna, Daire <Daire.MacMathuna@mastercard.com>; Barry, Mamadou <Mamadou.Barry2@mastercard.com>; McQuillan, Conor <Conor.McQuillan@mastercard.com>; Quinn, Simon <Simon.Quinn@mastercard.com>"
